{"cameraMode":{"drawMode":0,"name":"Shaded","section":"Shading Mode"},"sceneLighting":true,"audioPlay":false,"sceneViewState":{"showFog":true,"showMaterialUpdate":false,"showSkybox":true,"showFlares":true,"showImageEffects":true,"showParticleSystems":true},"in2DMode":false,"pivot":{"x":-16.792606353759767,"y":-25.167556762695314,"z":-1.6403312683105469},"rotation":{"x":-0.40108904242515566,"y":-0.020061010494828225,"z":0.008786252699792385,"w":-0.9157772064208984},"size":98.22309112548828,"orthographic":false}