{"cameraMode":{"drawMode":0,"name":"Shaded","section":"Shading Mode"},"sceneLighting":false,"audioPlay":false,"sceneViewState":{"showFog":true,"showMaterialUpdate":true,"showSkybox":false,"showFlares":true,"showImageEffects":true,"showParticleSystems":true},"in2DMode":false,"pivot":{"x":-2.404510736465454,"y":22.014923095703126,"z":27.328433990478517},"rotation":{"x":-0.386861652135849,"y":-0.16109956800937653,"z":0.06881646066904068,"w":-0.9053771495819092},"size":10.0,"orthographic":false}