{"cameraMode":{"drawMode":0,"name":"Shaded","section":"Shading Mode"},"sceneLighting":false,"audioPlay":false,"sceneViewState":{"showFog":true,"showMaterialUpdate":true,"showSkybox":true,"showFlares":true,"showImageEffects":true,"showParticleSystems":true},"in2DMode":false,"pivot":{"x":-0.03726756572723389,"y":2.0859079360961916,"z":-0.6195354461669922},"rotation":{"x":0.03613638877868652,"y":-0.936966061592102,"z":0.10189500451087952,"w":0.33227428793907168},"size":3.015756607055664,"orthographic":false}