{"cameraMode":{"drawMode":0,"name":"Shaded","section":"Shading Mode"},"sceneLighting":false,"audioPlay":false,"sceneViewState":{"showFog":true,"showMaterialUpdate":true,"showSkybox":true,"showFlares":true,"showImageEffects":true,"showParticleSystems":true},"in2DMode":false,"pivot":{"x":-1.096014142036438,"y":0.3433786630630493,"z":-2.3057777881622316},"rotation":{"x":0.019340133294463159,"y":-0.9805001020431519,"z":0.12901028990745545,"w":0.1469758301973343},"size":4.755262851715088,"orthographic":false}