{"cameraMode":{"drawMode":0,"name":"Shaded","section":"Shading Mode"},"sceneLighting":true,"audioPlay":false,"sceneViewState":{"showFog":true,"showMaterialUpdate":true,"showSkybox":true,"showFlares":true,"showImageEffects":true,"showParticleSystems":true},"in2DMode":false,"pivot":{"x":0.6760477423667908,"y":7.871155261993408,"z":5.719107627868652},"rotation":{"x":-0.059651900082826617,"y":0.8739891648292542,"z":-0.11095927655696869,"w":-0.4694100320339203},"size":10.884650230407715,"orthographic":false}