{"cameraMode":{"drawMode":0,"name":"Shaded","section":"Shading Mode"},"sceneLighting":true,"audioPlay":false,"sceneViewState":{"showFog":true,"showMaterialUpdate":true,"showSkybox":true,"showFlares":true,"showImageEffects":true,"showParticleSystems":true},"in2DMode":false,"pivot":{"x":312.0585021972656,"y":168.42005920410157,"z":-47.75349044799805},"rotation":{"x":-0.09674518555402756,"y":0.8786044716835022,"z":-0.2013786882162094,"w":-0.4221237003803253},"size":81.39410400390625,"orthographic":false}