{"cameraMode":{"drawMode":0,"name":"Shaded","section":"Shading Mode"},"sceneLighting":false,"audioPlay":false,"sceneViewState":{"showFog":true,"showMaterialUpdate":true,"showSkybox":true,"showFlares":true,"showImageEffects":true,"showParticleSystems":true},"in2DMode":false,"pivot":{"x":-4.192253589630127,"y":1.1881279945373536,"z":0.21490344405174256},"rotation":{"x":0.22110247611999513,"y":-0.6825976371765137,"z":0.22948533296585084,"w":0.6576557755470276},"size":22.0,"orthographic":false}