{"cameraMode":{"drawMode":0,"name":"Shaded","section":"Shading Mode"},"sceneLighting":false,"audioPlay":false,"sceneViewState":{"showFog":true,"showMaterialUpdate":true,"showSkybox":false,"showFlares":true,"showImageEffects":true,"showParticleSystems":true},"in2DMode":false,"pivot":{"x":-11.033012390136719,"y":3.043208599090576,"z":-32.92060089111328},"rotation":{"x":0.1556195318698883,"y":0.7493583559989929,"z":-0.18959403038024903,"w":0.6150800585746765},"size":2.064563512802124,"orthographic":false}